PersonID:ID(Person),name:STRING,birthDate:DATE,twitter:STRING
1,abi,1976-01-04,abi@twitter
2,gmnl,1977-06-15,
3,jsm,1974-12-13,
4,hha,1980-05-23,
5,okqbnkcd,1984-04-17,okqbnkcd@twitter
6,damac,1983-12-04,
7,ydp,1982-02-02,ydp@twitter
8,qhm,1976-08-12,
9,jjwa,1980-11-25,jjwa@twitter
10,uhpewpu,1970-04-21,
11,zwvftqlr,1976-05-30,
12,ggrhjw,1987-03-19,
13,uajfpi,1987-08-23,uajfpi@twitter
14,upyl,1982-02-19,upyl@twitter
15,iuhxklbo,1987-12-11,
16,xvvul,1982-07-20,xvvul@twitter
17,nhjqepxh,1981-03-12,nhjqepxh@twitter
18,ehy,1973-06-28,ehy@twitter
19,xuxicf,1972-05-13,
20,qrvtw,1988-08-16,
21,aepq,1981-12-19,aepq@twitter
22,bejsoni,1970-03-14,
23,mpgyydhm,1989-08-09,mpgyydhm@twitter
24,jva,1975-11-02,
25,qfbqws,1988-11-15,
26,agn,1987-06-19,
27,mbosx,1985-04-21,
28,zhbs,1973-12-01,
29,nxfj,1978-08-12,
30,notjdu,1985-11-11,
31,uzpa,1973-06-20,uzpa@twitter
32,osdtx,1972-11-13,
33,vpak,1983-02-20,
34,yjo,1972-12-11,
35,kvv,1974-10-28,
36,nnmx,1976-08-27,
37,pmqawm,1985-05-27,
38,hcbw,1986-10-30,hcbw@twitter
39,xgwmoks,1974-08-18,
40,tib,1989-01-09,tib@twitter
41,uzeutb,1982-04-20,uzeutb@twitter
42,vddxvl,1980-03-30,vddxvl@twitter
43,zzuca,1989-07-30,
44,mfef,1972-09-15,
45,rijlesp,1987-09-14,rijlesp@twitter
46,vxkr,1987-06-24,
47,yandxl,1986-12-05,
48,pgxfgm,1986-05-18,pgxfgm@twitter
49,lopw,1987-07-03,lopw@twitter
50,qjheufk,1977-09-20,qjheufk@twitter
51,glmsrqy,1987-02-22,
52,lyxxrm,1977-11-21,lyxxrm@twitter
53,llcs,1981-05-02,llcs@twitter
54,urscm,1987-10-14,urscm@twitter
55,tuyi,1983-09-03,tuyi@twitter
56,wghuvho,1981-07-10,wghuvho@twitter
57,qrr,1977-09-07,
58,roxnm,1981-08-08,roxnm@twitter
59,hpqop,1971-01-26,
60,zgdw,1973-01-20,zgdw@twitter
61,isoj,1983-02-15,isoj@twitter
62,jnfd,1970-11-07,jnfd@twitter
63,xgumlur,1979-05-15,
64,myokbfm,1982-03-11,myokbfm@twitter
65,fxhw,1975-06-04,
66,pvp,1984-09-15,pvp@twitter
67,yqlcpd,1975-05-09,
68,mqobjb,1983-10-04,mqobjb@twitter
69,qoisb,1978-07-15,
70,hkk,1982-03-29,
71,jffbfhqr,1982-04-03,jffbfhqr@twitter
72,zzuolkrc,1986-02-23,zzuolkrc@twitter
73,gekq,1979-10-22,
74,hfl,1981-03-15,hfl@twitter
75,wlklncqs,1975-01-08,
76,doszyh,1976-07-30,doszyh@twitter
77,trbvgxwj,1971-08-25,
78,qrhxsx,1984-03-30,qrhxsx@twitter
79,twrfxw,1979-12-29,
80,cyvjj,1980-07-11,cyvjj@twitter
81,gknq,1979-09-26,gknq@twitter
82,tazldvm,1985-09-10,tazldvm@twitter
83,mgnvehrp,1979-02-26,
84,fjqhglo,1985-10-14,fjqhglo@twitter
85,hgeqgf,1986-09-09,hgeqgf@twitter
86,xgdax,1975-05-18,xgdax@twitter
87,rmrjwoox,1971-01-06,
88,peafo,1978-07-23,peafo@twitter
89,dhkli,1983-04-14,
90,gskvdx,1973-09-07,
91,nxlyvvgn,1982-05-26,nxlyvvgn@twitter
92,sdct,1975-04-14,sdct@twitter
93,xbz,1972-12-15,
94,rcbhrm,1970-06-07,
95,dvu,1988-02-06,
96,khssage,1974-01-22,
97,stqviwp,1980-12-08,
98,wju,1970-06-19,wju@twitter
99,uufwgvkq,1976-09-06,
100,xdcdcz,1980-11-04,xdcdcz@twitter
